timestamp,target_send_rate,send_rate,recv_rate,max_recv_rate,latency,loss,reward,action,bytes_sent,bytes_acked,bytes_lost,MI,send_start_time,send_end_time,recv_start_time,recv_end_time,latency_increase,packet_size,min_lat,sent_latency_inflation,latency_ratio,send_ratio,bandwidth,queue_delay,packet_in_queue,queue_size,cwnd,ssthresh,rto,recv_ratio,srtt
0.22219999999999998,594059.0,594059.0,0.0,0,0.202,0.0,-202.0,-1.8621983528137207,16500,0,0,0.22219999999999998,0.0,0.22219999999999998,0.202,0.202,0.0,1500,0.202,0.0,1.0,1.0,135290.0,0.3424917584448222,8.722618333333333,63,25,0,-1,0.0,0.202
0.5690984403610231,207554.0,207554.0,135290.0,135290,0.37324587922241115,0.0,-297.20072836036536,-2.481309413909912,9000,6000,0,0.34689844036102313,0.22219999999999998,0.5690984403610231,0.202,0.5567934067558578,0.13699670337792885,1500,0.202,0.3949187642220416,1.847751877338669,1.5341380883117468,135290.0,0.8306867309839272,11.235721139135915,63,25,0,-1,0.6518318055061504,0.2775722781451246
1.169098440361023,60000,60000.0,135290.0,135290,0.7157376376672334,0.0,-639.6924868051876,-0.10593847930431366,4500,9000,0,0.5999999999999999,0.5690984403610231,1.169098440361023,0.5567934067558578,1.0889835168896445,0.20549505506689347,1500,0.202,0.34249175844482255,3.543255632016007,0.44349175844482236,135290.0,0.827471890040337,9.074222666963099,63,25,0,-1,2.2548333333333326,0.5336367584248215
2.1690984403610227,60000,60000.0,135290.0,135290,0.9476030742788555,0.0,-871.5579234168097,0.3711715340614319,7500,18000,0,0.9999999999999998,1.169098440361023,2.1690984403610227,1.0889835168896445,2.1533637371572176,-0.17016731341014368,1500,0.202,-0.1701673134101437,4.691104328113146,0.44349175844482225,135290.0,0.3822652967961949,2.8000560002964314,63,25,0,-1,2.2548333333333335,0.8176805581433298
3.33598380827759,82270.0,82270.0,98820.0,135290,0.255220666724708,0.0,-199.67506656986134,0.38934820890426636,12000,13500,0,1.1668853679165672,2.1690984403610227,3.33598380827759,2.1533637371572176,3.246262466298448,-0.11974650013059301,1500,0.202,-0.10262062017659557,1.2634686471520198,0.8325286816724291,135290.0,0.006045043982886077,1,63,25,0,-1,1.2011598182913594,0.40929766774034837
3.755923662245824,114302.0,114302.0,95676.0,135290,0.202,0.0,-148.22127230285872,-0.24173124134540558,6000,6000,0,0.4199398539682342,3.33598380827759,3.755923662245824,3.246262466298448,3.747953735261707,0.0,1500,0.202,0.0,1.0,1.1946741044521312,135290.0,0.0,1,63,25,0,-1,0.8370483601120599,0.32351408697377354
4.147012989364612,92051.0,92051.0,105779.0,135290,0.20200000000000004,0.0,-142.5428316844434,0.3054291009902954,4500,4500,0,0.39108932711878763,3.755923662245824,4.147012989364612,3.747953735261707,4.08828677128542,0.0,1500,0.202,0.0,1.0000000000000002,0.870218163535671,135290.0,0.0,1,63,25,0,-1,1.1491371266453794,0.28340494498438346
4.446599789461307,120166.0,120166.0,92051.0,135290,0.202,0.0,-150.2592921794051,-0.06471575796604156,4500,3000,0,0.29958680009669525,4.147012989364612,4.446599789461307,4.08828677128542,4.349012989364612,0.0,1500,0.202,0.0,1.0,1.305429100990295,135290.0,0.0,1,63,25,0,-1,0.7660316437264979,0.2643256610036686
4.76557457640288,112862.0,112862.0,118252.0,135290,0.202,0.0,-135.5315631234797,0.8783754706382751,4500,6000,0,0.3189747869415731,4.446599789461307,4.76557457640288,4.349012989364612,4.754924718441831,0.0,1500,0.202,0.0,1.0,0.9544133557605546,135290.0,0.0,1,63,25,0,-1,1.0477640468506628,0.23853415822016802
5.105202932849833,211996.0,211996.0,119463.0,119463,0.21269787520482397,0.0,-145.5488497312445,-0.8513633608818054,9000,4500,0,0.3396283564469531,4.76557457640288,5.105202932849833,4.754924718441831,5.056272928091844,0.016046812807235966,1500,0.202,0.04724815376169079,1.0529597782417028,1.7745762621389403,135290.0,0.08023406403618238,2.8091444205758114,63,25,0,-1,0.5635148070755075,0.2304867349782106
5.419590680571028,114508.0,114508.0,135290.0,135290,0.3143276896506556,0.0,-238.2825387886105,-0.9840240478515625,4500,6000,0,0.31438774772119515,5.105202932849833,5.419590680571028,5.056272928091844,5.411066334847705,0.06418725122894431,1500,0.202,0.20416588017248924,1.556077671537899,0.8463913018101256,135290.0,0.17646418946873568,2.808000060846501,63,25,0,-1,1.1814866219222255,0.2673873145144089
6.019590680571029,60000,60000.0,135290.0,135290,0.3433258084320474,0.0,-267.28065757000104,1.2853620052337646,4500,7500,0,0.6000000000000005,5.419590680571028,6.019590680571029,5.411066334847705,5.854558093292524,-0.0719786052428974,1500,0.202,-0.11996434207149556,1.6996327150101356,0.4434917584448184,135290.0,0.05907882458467665,1,63,25,0,-1,2.2548333333333526,0.29967235338079273
6.457158119650649,137122.0,137122.0,88166.0,135290,0.20288864790478014,0.0,-153.33158217623077,-0.22812844812870026,7500,6000,0,0.43756743907962026,6.019590680571029,6.457158119650649,5.854558093292524,6.398987383948957,0.0017772958095602642,1500,0.202,0.004061764315230196,1.004399247053367,1.5552725192532217,135290.0,0.0023697277460806576,1.0534334111278767,63,25,0,-1,0.6429741332278919,0.25967955080283167
6.77959153159575,111651.0,111651.0,130559.0,135290,0.20555459161912132,0.0,-132.16842186894903,0.46879446506500244,4500,6000,0,0.32243341194510045,6.457158119650649,6.77959153159575,6.398987383948957,6.766635923632349,-0.0011848638730402317,1500,0.202,-0.0036747552491302425,1.0175969882134719,0.855173175444649,135290.0,0.0019747731217341176,1,63,25,0,-1,1.1693537972353354,0.23720990918737683
7.14546234108625,163992.0,163992.0,118556.0,135290,0.207174729930288,0.0,-140.53559033410943,-0.798961341381073,7500,4500,0,0.36587080949050055,6.77959153159575,7.14546234108625,6.766635923632349,7.070289883284714,0.0077620948954320035,1500,0.202,0.021215398151717097,1.0256174749024156,1.383247637215728,135290.0,0.03104837958172869,1.7000892122686768,63,25,0,-1,0.7229363514495867,0.2275284121052452
7.540374806414177,91159.0,91159.0,135290.0,135290,0.25240409385454915,0.0,-176.3589429925034,0.6996220350265503,4500,7500,0,0.394912465327927,7.14546234108625,7.540374806414177,7.070289883284714,7.513781641729536,0.019322698962313423,1500,0.202,0.048929068233559705,1.2495252171017284,0.673807687599665,786296.155683895,0.037434253718322034,1,63,25,0,-1,1.4841029842837565,0.24003661903533063
7.927629989418988,154937.0,154937.0,125165.0,135290,0.202,0.0,-131.64627594778918,-0.562137246131897,7500,6000,0,0.387255183004811,7.540374806414177,7.927629989418988,7.513781641729536,7.8972768796161015,0.0,1500,0.202,0.0,1.0,1.2378634770970942,786296.155683895,0.0,1,63,25,0,-1,0.8078435291952337,0.2242963677499582
8.169608287470762,99182.0,99182.0,154937.0,154937,0.20200000000000004,0.0,-114.91169451800121,1.0834721326828003,3000,4500,0,0.24197829805177395,7.927629989418988,8.169608287470762,7.8972768796161015,8.129629989418989,0.0,1500,0.202,0.0,1.0000000000000002,0.6401486184880182,786296.155683895,0.0,1,63,25,0,-1,1.5621372461318797,0.21693682448874152
8.401891978004397,206644.0,206644.0,99182.0,154937,0.202,0.0,-146.25054155923615,-0.8544796705245972,6000,3000,0,0.2322836905336345,8.169608287470762,8.401891978004397,8.129629989418989,8.371608287470764,0.0,1500,0.202,0.0,1.0,2.0834721326828287,786296.155683895,0.0,1,63,25,0,-1,0.47996802276031786,0.2134360062491927
8.724966014421192,111430.0,111430.0,176484.0,176484,0.202,0.0,-102.80037030593846,1.0995043516159058,4500,7500,0,0.323074036416795,8.401891978004397,8.724966014421192,8.371608287470764,8.711583323476663,2.7755575615628914e-17,1500,0.202,8.591088260593522e-17,1.0,0.6313878511128032,786296.155683895,0.0,1,63,25,0,-1,1.5838125460246477,0.20786562979218082
8.98143451230589,233947.0,233947.0,134995.0,176484,0.20200000000000004,0.0,-126.12062212692517,-0.4450467824935913,7500,4500,0,0.2564684978846987,8.724966014421192,8.98143451230589,8.711583323476663,8.978259713998133,0.0,1500,0.202,0.0,1.0000000000000002,1.7330029010772845,786296.155683895,0.0,1,63,25,0,-1,0.5770330790435326,0.20592951370843363
9.203799898913442,161896.0,161896.0,233947.0,233947,0.202,0.0,-70.50081801402177,0.9827417731285095,4500,6000,0,0.22236538660755123,8.98143451230589,9.203799898913442,8.978259713998133,9.183434512305892,0.0,1500,0.202,0.0,1.0,0.6920191180761477,786296.155683895,0.0,1,63,25,0,-1,1.4450467824936057,0.20430340879246806
9.428100803470155,320997.0,320997.0,161896.0,233947,0.20200000000000004,0.0,-111.00005205432852,-0.8213992118835449,9000,4500,0,0.22430090455671348,9.203799898913442,9.428100803470155,9.183434512305892,9.405799898913443,0.0,1500,0.202,0.0,1.0000000000000002,1.9827417731284909,786296.155683895,0.0,1,63,25,0,-1,0.504352111582407,0.20354310393714167
9.700461797326394,176237.0,176237.0,287286.0,287286,0.20199999999999999,0.0,-40.51920189780779,1.1820268630981445,6000,10500,0,0.272360993856239,9.428100803470155,9.700461797326394,9.405799898913443,9.698191051934216,-2.7755575615628914e-17,1500,0.20199999999999999,-1.0190730773393788e-16,1.0,0.6134529636692538,786296.155683895,0.0,1,63,25,0,-1,1.6301168292002168,0.20260597059521934
9.918897118774117,384553.0,384553.0,176237.0,287286,0.20200000000000004,0.0,-102.93912582853382,-0.7296736836433411,10500,4500,0,0.21843532144772304,9.700461797326394,9.918897118774117,9.698191051934216,9.902461797326396,0.0,1500,0.20199999999999999,0.0,1.0000000000000002,2.1820268630981827,786296.155683895,0.0,1,63,25,0,-1,0.4582894999652458,0.20240595295734418
10.188769852407189,222327.0,222327.0,352410.0,352410,0.202,0.0,-3.9137975989808638,1.1815332174301147,7500,12000,0,0.26987273363307196,9.918897118774117,10.188769852407189,9.902461797326396,10.174871665500733,0.0,1500,0.20199999999999999,0.0,1.0000000000000002,0.6308757662063293,786296.155683895,0.0,1,63,25,0,-1,1.585098134317855,0.2021394890555412
10.411443940822755,485014.0,485014.0,222327.0,352410,0.202,0.0,-77.03221528535501,-0.7393363118171692,13500,6000,0,0.22267408841556602,10.188769852407189,10.411443940822755,10.174871665500733,10.39076985240719,0.0,1500,0.20199999999999999,0.0,1.0000000000000002,2.1815332174301236,786296.155683895,0.0,1,63,25,0,-1,0.45839320346357776,0.20208176592342636
10.669647359277418,278850.0,278850.0,451624.0,451624,0.202,0.0,51.85309254508633,1.1636244058609009,9000,15000,0,0.2582034184546629,10.411443940822755,10.669647359277418,10.39076985240719,10.656477843898534,0.0,1500,0.20199999999999999,0.0,1.0000000000000002,0.6174387459660949,786296.155683895,0.0,1,63,25,0,-1,1.6195938569344537,0.20202151061741594
10.888434378203273,603326.0,603326.0,278850.0,451624,0.202,0.0,-45.261264879346896,-0.706525444984436,16500,7500,0,0.2187870189258554,10.669647359277418,10.888434378203273,10.656477843898534,10.87164735927742,2.7755575615628914e-17,1500,0.20199999999999999,1.2686116275040515e-16,1.0000000000000002,2.1636244058609786,786296.155683895,0.0,1,63,25,0,-1,0.4621874283221844,0.20201103298788176
11.126030678549169,353541.0,353541.0,569779.0,569779,0.20199999999999999,0.0,118.26733424724014,1.2203426361083984,10500,18000,0,0.23759630034589563,10.888434378203273,11.126030678549169,10.87164735927742,11.124376706824117,0.0,1500,0.20199999999999999,0.0,1.0,0.6204871562433836,786296.155683895,0.0,1,63,25,0,-1,1.6116369048705241,0.20200222223394598
11.35533534578062,784982.0,784982.0,383665.0,569779,0.20199999999999999,0.0,13.65429786849549,-0.7032865285873413,22500,10500,0,0.22930466723145138,11.126030678549169,11.35533534578062,11.124376706824117,11.3433176563646,-2.7755575615628914e-17,1500,0.20199999999999999,-1.2104234924975816e-16,1.0,2.046007973807175,786296.155683895,0.0,1,63,25,0,-1,0.4887566484597897,0.2020008726621678
11.589678276163141,460863.0,460863.0,749826.0,749826,0.20199999999999999,0.0,219.4694919641341,1.2018529176712036,13500,22500,0,0.23434293038252108,11.35533534578062,11.589678276163141,11.3433176563646,11.583373449156458,2.7755575615628914e-17,1500,0.20199999999999999,1.1843999548150702e-16,1.0,0.6146269291760004,786296.155683895,0.0,1,63,25,0,-1,1.627003231603682,0.20200011775163434
11.814363567433244,1014753.0,1014753.0,483078.0,749826,0.20238176484429948,0.0,69.15168534037576,-0.6762303113937378,28500,13500,0,0.22468529127010228,11.589678276163141,11.814363567433244,11.583373449156458,11.806939701407632,0.0006871767197390577,1500,0.20199999999999999,0.0030583965503686566,1.0018899249717796,2.100596779294947,786296.155683895,0.030922952388259997,5.052433097547601,63,25,0,-1,0.47605519053287515,0.20242952085278437
12.032409212341877,605378.0,605378.0,786296.0,786296,0.23120501058891213,0.0,210.76416511682086,0.47516512870788574,16500,21000,0,0.2180456449086332,11.814363567433244,12.032409212341877,11.806939701407632,12.020599654830498,0.024051185190868907,1500,0.20199999999999999,0.11030344220333765,1.1445792603411493,0.7699107118591562,786296.155683895,0.042477257821017994,2.2890491518097447,63,25,0,-1,1.2988519117823825,0.232732392391792
12.287719135564604,893032.0,893032.0,786296.0,786296,0.24278162033092054,0.0,199.18755537480996,-0.45830291509628296,28500,25500,0,0.25530992322272716,12.032409212341877,12.287719135564604,12.020599654830498,12.280043883986837,-0.030641787334924703,1500,0.20199999999999999,-0.12001800379765667,1.2018892095590128,1.135745434353361,786296.155683895,0.03152836893510045,4.141575308081469,63,25,0,-1,0.8804789962192117,0.23268073519401233
12.56205960261946,612378.0,612378.0,786296.0,786296,0.23774638869226605,0.0,204.22278701346363,0.3055882453918457,21000,27000,0,0.2743404670548557,12.287719135564604,12.56205960261946,12.280043883986837,12.554749538387666,0.015732282971718664,1500,0.20199999999999999,0.05734583432262262,1.176962320258743,0.7788131139258615,786296.155683895,0.022225889456574315,1,63,25,0,-1,1.2840050868675976,0.24228659918003273
12.817214863989951,799513.0,799513.0,752663.0,786296,0.21559203581083536,0.0,207.47212382958665,-0.05959783494472504,25500,24000,0,0.2551552613704917,12.56205960261946,12.817214863989951,12.554749538387666,12.809843878352932,-0.024676337110336344,1500,0.20199999999999999,-0.09671106516790848,1.0672873059942345,1.062246315272104,786296.155683895,0.002018337781574312,1.264501873087333,63,25,0,-1,0.9414012415226322,0.21253913167940103
13.055769536804284,754544.0,754544.0,786296.0,786296,0.20473363959242052,0.0,237.23553611331064,0.060971394181251526,22500,24000,0,0.23855467281433285,12.817214863989951,13.055769536804284,12.809843878352932,13.05402668226478,0.0016828958443894093,1500,0.20199999999999999,0.007054549904789363,1.0135328692694086,0.9596180865655344,786296.155683895,0.0011024108463441012,1,63,25,0,-1,1.042081234190773,0.20606951569092696
13.280615064329961,800550.0,800550.0,767108.0,786296,0.20241911725546152,0.0,228.764755446785,0.09762556850910187,22500,21000,0,0.22484552752567666,13.055769536804284,13.280615064329961,13.05402668226478,13.273030962048775,-0.0007605992510815174,1500,0.20199999999999999,-0.0033827635330422987,1.0020748378983244,1.043593996322266,786296.155683895,0.0019020638661170688,1.2492642509655232,63,25,0,-1,0.9582270533599313,0.20280221500387388
13.499118747408769,878704.0,878704.0,786296.0,786296,0.204309648980285,0.0,237.659526725448,-0.2454545944929123,24000,21000,0,0.21850368307880785,13.280615064329961,13.499118747408769,13.273030962048775,13.486690915471641,0.0019020638661171319,1500,0.20199999999999999,0.0087049510530727,1.011433905842995,1.1175225994876117,786296.155683895,0.016112939032168015,2.8445214959734972,63,25,0,-1,0.8948364896231215,0.2045489118303304
13.720229585412136,705529.0,705529.0,786296.0,786296,0.21891541155820057,0.0,223.0537641475281,0.019112572073936462,19500,22500,0,0.2211108380033675,13.499118747408769,13.720229585412136,13.486690915471641,13.715612294139,0.012037087890487297,1500,0.20199999999999999,0.05443915820310885,1.083739661179211,0.8972808839671431,786296.155683895,0.019272367440108178,1.575946398497051,63,25,0,-1,1.1144782173210972,0.2202253053105845
13.970572773196286,719013.0,719013.0,786296.0,786296,0.21871152508420194,0.0,223.25765062153246,0.061383381485939026,22500,24000,0,0.25034318778415,13.720229585412136,13.970572773196286,13.715612294139,13.959795098050845,-0.013857188490655648,1500,0.20199999999999999,-0.05535276838690551,1.0827303221990197,0.91443022953249,786296.155683895,0.0013954736447184272,1,63,25,0,-1,1.0935771453129435,0.21488132448616182
14.206437769908085,763148.0,763148.0,737021.0,786296,0.20227256533633012,0.0,211.99967271118302,-0.11043247580528259,22500,22500,0,0.23586499671179872,13.970572773196286,14.206437769908085,13.959795098050845,14.204021439424528,-0.000584068577850233,1500,0.20199999999999999,-0.0024762834078508947,1.001349333348169,1.0354497054605367,786296.155683895,0.0,1,63,25,0,-1,0.965763952344967,0.20382059982374634
14.433428301861968,687253.0,687253.0,757176.0,786296,0.20199999999999999,0.0,223.60091240521203,0.3222823739051819,19500,21000,0,0.22699053195388252,14.206437769908085,14.433428301861968,14.204021439424528,14.425898580058385,0.0,1500,0.20199999999999999,0.0,1.0,0.9076535997879576,786296.155683895,0.0,1,63,25,0,-1,1.101741898267815,0.2022807548314398
14.65791421985726,908743.0,908743.0,693978.0,786296,0.20215818240344363,0.0,187.91960807766912,-0.4686306118965149,25500,19500,0,0.22448591799529183,14.433428301861968,14.65791421985726,14.425898580058385,14.650689727106458,0.00029376732068106537,1500,0.20199999999999999,0.0013086224886820143,1.0007830812051666,1.3094703510010843,786296.155683895,0.016450969958139,3.15588907255932,63,25,0,-1,0.7636675387384712,0.20230652666046178
14.890634378286135,618769.0,618769.0,786296.0,786296,0.22050734120290638,0.0,221.46183450282564,0.33573031425476074,18000,22500,0,0.23272015842887583,14.65791421985726,14.890634378286135,14.650689727106458,14.879611105773815,0.015422784335755363,1500,0.20199999999999999,0.06627180232205321,1.091620501004487,0.7869412953749597,786296.155683895,0.013822969497036314,1,63,25,0,-1,1.2707428189081404,0.2222135461013278
15.137455826889319,826508.0,826508.0,739080.0,786296,0.21320687889825432,0.0,202.22241139059406,-0.21637947857379913,25500,22500,0,0.24682144860318367,14.890634378286135,15.137455826889319,14.879611105773815,15.123157228775117,-0.02129187822945583,1500,0.20199999999999999,-0.08626429489799693,1.0554795985062095,1.1182939771382379,2424360.8434757562,0.0012229683580909164,1,63,25,0,-1,0.894219248644299,0.20965172676596866
15.367042361264973,679482.0,679482.0,820656.0,820656,0.2031601820361354,0.0,258.12246188136,0.3962467312812805,19500,24000,0,0.22958653437565424,15.137455826889319,15.367042361264973,15.123157228775117,15.357116329533602,-0.002320364072270764,1500,0.20199999999999999,-0.010106708037476346,1.005743475426413,0.8279743839646828,2424360.8434757562,0.0,1,63,25,0,-1,1.207766833572299,0.20334175089288725
15.582067784942966,948725.0,948725.0,694647.0,820656,0.20199999999999999,0.0,188.45394893749105,-0.3954100012779236,25500,19500,0,0.21502542367799293,15.367042361264973,15.582067784942966,15.357116329533602,15.581690915598974,0.0,1500,0.20199999999999999,0.0,1.0,1.3657662134904494,2424360.8434757562,0.0,1,63,25,0,-1,0.7321897335886856,0.20223647028906366
15.793866815575422,679890.0,679890.0,948725.0,948725,0.202,0.0,331.2688113827503,0.8104093074798584,18000,24000,0,0.21179903063245575,15.582067784942966,15.793866815575422,15.581690915598974,15.784067784942968,0.0,1500,0.20199999999999999,0.0,1.0000000000000002,0.7166352534983513,2424360.8434757562,0.0,1,63,25,0,-1,1.395410001278008,0.20202791935819678
16.008347718441904,1230879.0,1230879.0,704136.0,948725,0.20199999999999999,0.0,193.78768308762338,-0.6861505508422852,33000,19500,0,0.21448090286648203,15.793866815575422,16.008347718441904,15.784067784942968,16.0056159475239,0.0,1500,0.20199999999999999,0.0,1.0,1.7480701299814343,2424360.8434757562,0.0,1,63,25,0,-1,0.5720594287659504,0.20200492051001287
16.222048273108964,729993.0,729993.0,1230879.0,1230879,0.202,0.0,489.8646266200443,1.352570652961731,19500,31500,0,0.21370055466706006,16.008347718441904,16.222048273108964,16.0056159475239,16.210347718441902,-2.7755575615628914e-17,1500,0.20199999999999999,-1.298806905713061e-16,1.0000000000000002,0.5930668524826592,2424360.8434757562,0.0,1,63,25,0,-1,1.6861505508423926,0.2020002979745917
16.43167221172857,1717361.0,1717361.0,761256.0,1230879,0.20199999999999999,0.0,225.89415483637262,-0.8254135847091675,45000,21000,0,0.20962393861960749,16.222048273108964,16.43167221172857,16.210347718441902,16.431035737729616,0.0,1500,0.20199999999999999,0.0,1.0,2.2559584634645273,2424360.8434757562,0.0,1,63,25,0,-1,0.44327057266128783,0.20200004595068347
16.64850743002922,940807.0,940807.0,1671375.0,1671375,0.202,0.0,737.4632491311908,1.494568943977356,25500,45000,0,0.21683521830064834,16.43167221172857,16.64850743002922,16.431035737729616,16.646427224569784,0.0,1500,0.20199999999999999,0.0,1.0000000000000002,0.5628936887312393,2424360.8434757562,0.0,1,63,25,0,-1,1.776534397203843,0.20200000083663022
16.85814506211491,2346907.0,2346907.0,975175.0,1671375,0.202,0.0,346.135824597548,-0.6637787222862244,61500,25500,0,0.2096376320856912,16.64850743002922,16.85814506211491,16.646427224569784,16.855620543006918,0.0,1500,0.20199999999999999,0.0,1.0000000000000002,2.4066531237428674,2424360.8434757562,0.0,1,63,25,0,-1,0.4155148035811589,0.20200000008643113
17.07082227653844,1410588.0,1410588.0,2309516.0,2309516,0.202,0.0,1096.1560058472287,1.4403408765792847,37500,61500,0,0.21267721442352894,16.85814506211491,17.07082227653844,16.855620543006918,17.06865215069185,0.0,1500,0.20199999999999999,0.0,1.0000000000000002,0.6107721605776985,2424360.8434757562,0.0,1,63,25,0,-1,1.6372717431229193,0.2020000000003622
17.27998375865562,3442316.0,3442316.0,1434584.0,2309516,0.20205854934050346,0.0,604.3066088180631,-0.7617016434669495,90000,37500,0,0.20916148211718166,17.07082227653844,17.27998375865562,17.06865215069185,17.277772034752978,0.00011259488558351682,1500,0.20199999999999999,0.0005383155848954833,1.0002898482203142,2.399522687764884,2424360.8434757562,0.04318013862127656,18.44737288154604,63,25,0,-1,0.4167495498579693,0.20218296668908603
17.488789163839893,1953972.0,1953972.0,2424361.0,2424361,0.23493400403317757,0.0,1127.7748886133672,0.3190670609474182,51000,63000,0,0.20880540518427182,17.27998375865562,17.488789163839893,17.277772034752978,17.4856618797636,0.03073840376429804,1500,0.20199999999999999,0.14721076658514295,1.1630396239266216,0.8059742473897912,2424360.8434757562,0.06816298642618773,10.798854811690488,63,25,0,-1,1.2407344319481373,0.2547272845246303
17.730891671496902,2577421.0,2577421.0,2424361.0,2424361,0.27292155083191216,0.0,1089.7873418146428,-0.6234416365623474,78000,73500,0,0.24210250765700891,17.488789163839893,17.730891671496902,17.4856618797636,17.728200032275993,-0.014146881299098857,1500,0.20199999999999999,-0.05843343563851476,1.351096786296595,1.06313408170333,2424360.8434757562,0.054805874234883596,13.58674886817514,63,25,0,-1,0.9406151276778015,0.2597755251081678
18.01055424411459,1587628.0,1587628.0,2424361.0,2424361,0.25696730704567766,0.0,1105.7415856008438,0.5124487280845642,55500,85500,0,0.27966257261768845,17.730891671496902,18.01055424411459,17.728200032275993,18.0103362505047,0.007723713202715976,1500,0.20199999999999999,0.027617972367273636,1.2721153814142458,0.6548643682409914,2424360.8434757562,0.021142944572520417,1,63,25,0,-1,1.5270337622522745,0.261424906267329
18.275421232142833,2401205.0,2401205.0,2105360.0,2424361,0.21390347543240906,0.0,969.4985237754806,-0.20963187515735626,79500,69000,0,0.26486698802824193,18.01055424411459,18.275421232142833,18.0103362505047,18.272524128196455,-0.023806950864818044,1500,0.20199999999999999,-0.08988266541649798,1.058928096200045,1.140519757639497,2424360.8434757562,0.0,1,63,25,0,-1,0.8767932280889839,0.20261856104131953
18.49909080575887,1985071.0,1985071.0,2367368.0,2424361,0.20199999999999999,0.0,1128.6739292127572,0.3683828115463257,55500,66000,0,0.22366957361603568,18.275421232142833,18.49909080575887,18.272524128196455,18.495556602976563,0.0,1500,0.20199999999999999,0.0,1.0,0.8385138513855495,2424360.8434757562,0.0,1,63,25,0,-1,1.1925861431479194,0.20200173674835595
18.706723353706096,2716337.0,2716337.0,1995401.0,2424361,0.2020152012693837,0.0,919.5799199028856,-0.2622883915901184,70500,52500,0,0.2076325479472274,18.49909080575887,18.706723353706096,18.495556602976563,18.706040563973406,2.9558023801584676e-05,1500,0.20199999999999999,0.0001423573716828695,1.0000752538088302,1.3612985694001796,2424360.8434757562,0.012237021853833158,5.944492770531012,63,25,0,-1,0.7345927061692453,0.20206652177235482
18.91862764922991,2151915.0,2151915.0,2424361.0,2424361,0.2139709996396195,0.0,1148.737893006902,0.20852279663085938,57000,63000,0,0.21190429552381573,18.706723353706096,18.91862764922991,18.706040563973406,18.913930408984033,0.011172932996977636,1500,0.20199999999999999,0.05272631670518411,1.0592623744535619,0.8876215165318925,2424360.8434757562,0.013412681757935342,1.3675483328528513,63,25,0,-1,1.12660630840405,0.2211655501519172
19.14011174912924,2600638.0,2600638.0,2424361.0,2424361,0.21507314134440092,0.0,1147.635751302164,-0.2764701843261719,72000,67500,0,0.22148409989932816,18.91862764922991,19.14011174912924,18.913930408984033,19.13666952863827,-0.013533073014624003,1500,0.20199999999999999,-0.061101781214882835,1.0647185215069352,1.0727108375086207,2424360.8434757562,0.009076998897356508,4.42671142605529,63,25,0,-1,0.9322176723062738,0.2063286981482063
19.36393004690639,2037367.0,2037367.0,2424361.0,2424361,0.21191576423061334,0.0,1150.793128415908,0.2129094898700714,57000,67500,0,0.22381829777715012,19.14011174912924,19.36393004690639,19.13666952863827,19.35940864829251,0.007548887999311249,1500,0.20199999999999999,0.03372775181601763,1.0490879417357097,0.8403728114300495,2424360.8434757562,0.004417563126081879,1,63,25,0,-1,1.1899480640006848,0.2169593578823502
19.582452522345292,2471142.0,2471142.0,2222517.0,2424361,0.20568616387455,0.0,1043.5681157553988,-0.1464095562696457,67500,61500,0,0.21852247543890257,19.36393004690639,19.582452522345292,19.35940864829251,19.580779321550004,-0.007501752637167541,1500,0.20199999999999999,-0.03432943280594028,1.0182483360126238,1.111866464188094,2424360.8434757562,0.002061470505274673,1.8329580621617123,63,25,0,-1,0.8993885796620541,0.2023496761120294
19.79399958136549,2155549.0,2155549.0,2424361.0,2424361,0.20432604586709088,0.0,1158.3828467794458,0.2820044159889221,57000,64500,0,0.211547059020198,19.582452522345292,19.79399958136549,19.580779321550004,19.793618924775167,0.0019823019547386134,1500,0.20199999999999999,0.009370501125942612,1.011515078549955,0.8891204303365481,2424360.8434757562,0.00043562754643860526,1,63,25,0,-1,1.1247070316689067,0.20556787813874358
20.006779164787062,2763423.0,2763423.0,2204634.0,2424361,0.2022707636204629,0.0,1036.9316458134108,-0.27654021978378296,73500,58500,0,0.21277958342157177,19.79399958136549,20.006779164787062,19.793618924775167,20.00589909779457,-0.0003687880231182661,1500,0.20199999999999999,-0.001733192711387168,1.0013404139626876,1.2534613628117488,2424360.8434757562,0.01457562567713792,6.889429360135505,63,25,0,-1,0.7977908451496364,0.2022460202059829
20.21742456182966,2164776.0,2164776.0,2424361.0,2424361,0.2162719668088643,0.0,1146.4369258377037,0.09421643614768982,57000,63000,0,0.21064539704259744,20.006779164787062,20.21742456182966,20.00589909779457,20.213788942805188,0.012753672467493288,1500,0.20199999999999999,0.060545697397385786,1.0706533010339818,0.8929262865137702,2424360.8434757562,0.01877804749957722,2.5753347073450836,63,25,0,-1,1.11991327291335,0.2244827943362157
20.44032853998071,2368733.0,2368733.0,2424361.0,2424361,0.2208397807270477,0.0,1141.8691119194737,-0.044678524136543274,66000,67500,0,0.22290397815105223,20.21742456182966,20.44032853998071,20.213788942805188,20.43652806245943,-0.012746586643526958,1500,0.20199999999999999,-0.05718420437920205,1.0932662412230085,0.9770546189719312,2424360.8434757562,0.0047047964894663535,1.445599296498618,63,25,0,-1,1.0234842357658696,0.21230298857599494
20.667899198015206,2267428.0,2267428.0,2424361.0,2424361,0.2061906266858258,0.0,1156.5182659607312,0.09848001599311829,64500,69000,0,0.2275706580344945,20.44032853998071,20.667899198015206,20.43652806245943,20.664216940328206,-0.002771958940696345,1500,0.20199999999999999,-0.01218065177926488,1.020745676662504,0.9352682154344264,2424360.8434757562,0.00017282177571447795,1,63,25,0,-1,1.0692120008969899,0.20419378778230599
20.87988575719588,2490724.0,2490724.0,2282197.0,2424361,0.20201965783457138,0.0,1080.7801617948044,-0.11423870921134949,66000,61500,0,0.21198655918067288,20.667899198015206,20.87988575719588,20.664216940328206,20.879798714444284,-1.6760133680071565e-06,1500,0.20199999999999999,-7.906224689362102e-06,1.0000973160127296,1.0913713169603925,2424360.8434757562,0.002835460194751121,2.1456964448984985,63,25,0,-1,0.916278432884902,0.20205683804837887
21.089248065668446,2235359.0,2235359.0,2424361.0,2424361,0.20509922393379781,0.0,1157.609668712747,0.18607090413570404,58500,63000,0,0.2093623084725671,20.87988575719588,21.089248065668446,20.879798714444284,21.087688559454907,0.002769519259991471,1500,0.20199999999999999,0.01322835652795815,1.0153426927415734,0.9220407043434055,2424360.8434757562,0.00110654297555704,1,63,25,0,-1,1.0845508178645,0.20688225581677472
21.301974321873846,2651295.0,2651295.0,2304892.0,2424361,0.20294203357947876,0.0,1092.6146382717543,-0.222303107380867,70500,61500,0,0.21272625620539998,21.089248065668446,21.301974321873846,21.087688559454907,21.301147582097524,-0.0018070947383881375,1500,0.20199999999999999,-0.00849493038905023,1.004663532571677,1.150290202817867,2424360.8434757562,0.009744356110470389,4.937305899851072,63,25,0,-1,0.869345837728861,0.2022144000197019
21.512199994880138,2169098.0,2169098.0,2424361.0,2424361,0.21195618993895893,0.0,1150.752702707586,0.11999024450778961,57000,63000,0,0.2102256730062919,21.301974321873846,21.512199994880138,21.301147582097524,21.509037427108147,0.00889702079651411,1500,0.20199999999999999,0.04232128583195369,1.0492880690047472,0.8947090498639481,2424360.8434757562,0.009219683538507389,1,63,25,0,-1,1.1176817761618292,0.21768425799758007
21.72954045968925,2429368.0,2429368.0,2399871.0,2424361,0.21084006691875185,0.0,1138.1032276747464,-0.028561323881149292,66000,66000,0,0.21734046480911218,21.512199994880138,21.72954045968925,21.509037427108147,21.729049269523752,-0.011967779805599876,1500,0.20199999999999999,-0.055064664631646255,1.0437627075185736,1.0122912114356584,2424360.8434757562,0.00021934721722015907,1.0886294674252701,63,25,0,-1,0.9878580281081107,0.20362096328213342
21.94800781962853,2361909.0,2361909.0,2424361.0,2424361,0.2022409177846461,0.0,1160.467974861905,0.046430692076683044,64500,66000,0,0.2184673599392788,21.72954045968925,21.94800781962853,21.729049269523752,21.946838630963452,0.00018597188094846007,1500,0.20199999999999999,0.000851257052770489,1.0011926623002283,0.9742398282485664,2424360.8434757562,2.3495770782296483e-05,1,63,25,0,-1,1.0264413042913096,0.20231548541680186
22.156781665420265,2471574.0,2471574.0,2364033.0,2424361,0.20200230615849882,0.0,1126.7967536957333,-0.0027224719524383545,64500,61500,0,0.20877384579173608,21.94800781962853,22.156781665420265,21.946838630963452,22.154957577843067,4.502499926284376e-06,1500,0.20199999999999999,2.1566398363786805e-05,1.000011416626232,1.0454905872049631,2424360.8434757562,0.001985602467488679,1.8023028121480675,63,25,0,-1,0.9564887644502102,0.20201314129978457
22.366123892151556,2464863.0,2464863.0,2424361.0,2424361,0.20412743121516647,0.0,1158.581461431355,-0.014814391732215881,64500,63000,0,0.209342226731291,22.156781665420265,22.366123892151556,22.154957577843067,22.362847422853694,0.0019856024674886896,1500,0.20199999999999999,0.009484959143180337,1.010531837698844,1.0167065027848563,2424360.8434757562,0.005773778511830188,2.5115484971078317,63,25,0,-1,0.9835680181654238,0.20540601861137192
22.578567396635812,2428881.0,2428881.0,2424361.0,2424361,0.207855112848897,0.0,1154.8537797976396,-0.03157053887844086,64500,64500,0,0.21244350448425564,22.366123892151556,22.578567396635812,22.362847422853694,22.575687026078857,0.0017486882469358034,1500,0.20199999999999999,0.008231309548301112,1.0289857071727575,1.0018644897704398,221114.59977718454,0.17312636195263265,16.12431671063314,63,25,0,-1,0.9981389800821595,0.20899350349482024
22.81300742404263,2354547.0,2354547.0,1567591.0,2424361,0.21327600083461645,0.0,667.8512127566779,-0.8673898577690125,69000,40500,0,0.23444002740681924,22.578567396635812,22.81300742404263,22.575687026078857,22.782373580127715,0.007036172454093881,1500,0.20199999999999999,0.030012675445921812,1.0558217863099826,1.5020158952112124,221114.59977718454,1.976548700595117,57.80734801703942,63,25,0,-1,0.6657719157222239,0.22145865317093927
23.08900605346877,1260876.0,1260876.0,221115.0,2424361,0.43084479102911094,0.0,-306.5584942011409,-2.879079580307007,43500,7500,0,0.2759986294261374,22.81300742404263,23.08900605346877,22.782373580127715,23.053726082678267,0.12332488473548703,1500,0.20199999999999999,0.4468315114169477,2.1328950050946087,5.702363515592733,221114.59977718454,3.2906996929439742,62.80319373266274,63,25,0,-1,0.17536588070289919,0.32981674189550964
23.60585740058576,325045.0,325045.0,221115.0,2424361,0.8008194452355706,0.0,-676.533148407594,-2.7541301250457764,21000,15000,0,0.5168513471169902,23.08900605346877,23.60585740058576,23.053726082678267,23.596431087779344,0.24664976947097317,1500,0.20199999999999999,0.47721607159735924,3.964452699185993,1.4700300412867613,221114.59977718454,3.3492959022318747,62.7844711620376,63,25,0,-1,0.6802582069170982,0.7158040784798062
24.57602100677697,86583.0,86583.0,221115.0,2424361,1.4901130061426429,0.0,-1365.826709314666,-1.3498188257217407,10500,27000,0,0.9701636061912104,23.60585740058576,24.57602100677697,23.596431087779344,24.57330009696128,0.4425658035765905,1500,0.20199999999999999,0.45617646420903235,7.376797060112094,0.3915767414345568,221114.59977718454,3.021021169040362,52.781545990737655,63,25,0,-1,2.553777827397155,1.567224171088748
26.176021006776963,60000,60000.0,221115.0,2424361,2.6457014932592964,0.0,-2521.4151964313205,-1.4634732007980347,12000,43500,0,1.5999999999999943,24.57602100677697,26.176021006776963,24.57330009696128,26.147144611754406,0.7130226835400633,1500,0.20199999999999999,0.44563917721254115,13.097532144848003,0.27135250255054005,221114.59977718454,2.21583286951552,32.43106485600239,63,25,0,-1,3.6852433296197358,2.9899890519123327
28.976021006776953,60000,60000.0,205255.0,1567591,2.5334831488924077,0.35714285714285715,-3132.397202362984,-0.32435792684555054,21000,67500,37500,2.79999999999999,26.176021006776963,28.976021006776953,26.147144611754406,28.778021006776953,-1.8717932724759536,1500,0.20199999999999999,-0.668497597312843,12.541995786596079,0.2923195994469507,221114.59977718454,0.6532449191412265,1,63,25,0,-1,3.4209132808471745,1.0152787536175711
